container;element;operation;n (elements);max resident (elements);average total time (us);total time stddev (us);min total time (us);max total time (us);max rss (kB)
std.container.rbtree;int;upsert;16;32;2.700;1.179;2.000;7.000;2,944
std.container.rbtree;int;lookupFind;16;32;1.433;0.504;1.000;2.000;2,944
std.container.rbtree;int;lookupFail;16;32;1.433;0.504;1.000;2.000;2,944
std.container.rbtree;int;remove;16;32;1.667;0.547;1.000;3.000;2,944
std.container.rbtree;String32;upsert;16;32;8.167;3.141;4.000;15.000;3,072
std.container.rbtree;String32;lookupFind;16;32;2.667;0.994;1.000;4.000;3,072
std.container.rbtree;String32;lookupFail;16;32;2.533;0.730;1.000;4.000;3,072
std.container.rbtree;String32;remove;16;32;3.367;0.615;2.000;5.000;3,072
std.container.rbtree;int;upsert;32;64;4.033;1.402;3.000;8.000;3,072
std.container.rbtree;int;lookupFind;32;64;1.600;0.621;1.000;3.000;3,072
std.container.rbtree;int;lookupFail;32;64;1.633;0.556;1.000;3.000;3,072
std.container.rbtree;int;remove;32;64;2.400;0.563;2.000;4.000;3,072
std.container.rbtree;String32;upsert;32;64;7.800;1.627;5.000;11.000;3,072
std.container.rbtree;String32;lookupFind;32;64;5.500;0.861;4.000;7.000;3,072
std.container.rbtree;String32;lookupFail;32;64;3.567;0.626;3.000;5.000;3,072
std.container.rbtree;String32;remove;32;64;4.667;0.606;4.000;6.000;3,072
std.container.rbtree;int;upsert;64;128;6.933;1.893;5.000;11.000;3,200
std.container.rbtree;int;lookupFind;64;128;2.167;0.791;1.000;4.000;3,200
std.container.rbtree;int;lookupFail;64;128;2.600;0.724;2.000;4.000;3,200
std.container.rbtree;int;remove;64;128;4.067;1.112;3.000;8.000;3,200
std.container.rbtree;String32;upsert;64;128;22.700;4.843;11.000;36.000;3,456
std.container.rbtree;String32;lookupFind;64;128;15.267;1.680;12.000;19.000;3,456
std.container.rbtree;String32;lookupFail;64;128;20.400;2.799;16.000;29.000;3,456
std.container.rbtree;String32;remove;64;128;15.000;1.114;13.000;17.000;3,456
std.container.rbtree;int;upsert;128;256;16.900;5.567;12.000;31.000;3,328
std.container.rbtree;int;lookupFind;128;256;5.233;1.654;3.000;9.000;3,328
std.container.rbtree;int;lookupFail;128;256;6.900;1.185;5.000;11.000;3,328
std.container.rbtree;int;remove;128;256;8.167;2.902;5.000;17.000;3,328
std.container.rbtree;String32;upsert;128;256;51.267;22.095;22.000;102.000;3,968
std.container.rbtree;String32;lookupFind;128;256;13.667;0.606;13.000;15.000;3,968
std.container.rbtree;String32;lookupFail;128;256;22.367;8.189;15.000;47.000;3,968
std.container.rbtree;String32;remove;128;256;36.867;13.701;22.000;75.000;3,968
std.container.rbtree;int;upsert;256;512;25.033;2.484;23.000;34.000;4,224
std.container.rbtree;int;lookupFind;256;512;12.167;9.147;7.000;45.000;4,224
std.container.rbtree;int;lookupFail;256;512;15.533;6.124;12.000;32.000;4,224
std.container.rbtree;int;remove;256;512;15.367;6.916;10.000;42.000;4,224
std.container.rbtree;String32;upsert;256;512;49.367;11.112;41.000;83.000;5,376
std.container.rbtree;String32;lookupFind;256;512;57.100;15.266;47.000;106.000;5,376
std.container.rbtree;String32;lookupFail;256;512;41.933;21.020;27.000;104.000;5,376
std.container.rbtree;String32;remove;256;512;52.567;16.366;37.000;108.000;5,376
std.container.rbtree;int;upsert;512;1,024;68.600;14.778;57.000;114.000;5,376
std.container.rbtree;int;lookupFind;512;1,024;29.700;12.078;24.000;78.000;5,376
std.container.rbtree;int;lookupFail;512;1,024;31.767;4.776;28.000;52.000;5,376
std.container.rbtree;int;remove;512;1,024;37.733;5.139;32.000;51.000;5,376
std.container.rbtree;String32;upsert;512;1,024;119.333;30.307;104.000;232.000;7,808
std.container.rbtree;String32;lookupFind;512;1,024;83.600;20.572;69.000;176.000;7,808
std.container.rbtree;String32;lookupFail;512;1,024;85.233;29.761;59.000;144.000;7,808
std.container.rbtree;String32;remove;512;1,024;79.467;8.920;72.000;110.000;7,808
std.container.rbtree;int;upsert;1,024;2,048;170.333;29.455;141.000;278.000;7,552
std.container.rbtree;int;lookupFind;1,024;2,048;67.167;3.228;65.000;81.000;7,552
std.container.rbtree;int;lookupFail;1,024;2,048;66.300;4.001;63.000;80.000;7,552
std.container.rbtree;int;remove;1,024;2,048;72.400;2.094;69.000;80.000;7,552
std.container.rbtree;String32;upsert;1,024;2,048;238.867;21.076;221.000;335.000;12,928
std.container.rbtree;String32;lookupFind;1,024;2,048;148.167;24.314;129.000;240.000;12,928
std.container.rbtree;String32;lookupFail;1,024;2,048;172.567;47.865;143.000;380.000;12,928
std.container.rbtree;String32;remove;1,024;2,048;171.533;13.127;159.000;212.000;12,928
std.container.rbtree;int;upsert;2,048;4,096;321.600;68.783;275.000;593.000;12,800
std.container.rbtree;int;lookupFind;2,048;4,096;176.200;33.165;130.000;244.000;12,800
std.container.rbtree;int;lookupFail;2,048;4,096;159.833;26.918;137.000;220.000;12,800
std.container.rbtree;int;remove;2,048;4,096;166.000;22.656;154.000;234.000;12,800
std.container.rbtree;String32;upsert;2,048;4,096;564.900;187.494;451.000;1,210.000;22,784
std.container.rbtree;String32;lookupFind;2,048;4,096;340.933;80.040;278.000;545.000;22,784
std.container.rbtree;String32;lookupFail;2,048;4,096;430.967;84.078;347.000;712.000;22,784
std.container.rbtree;String32;remove;2,048;4,096;387.633;27.094;357.000;441.000;22,784
std.container.rbtree;int;upsert;4,096;8,192;666.133;135.574;565.000;1,249.000;22,784
std.container.rbtree;int;lookupFind;4,096;8,192;356.867;77.525;295.000;665.000;22,784
std.container.rbtree;int;lookupFail;4,096;8,192;348.767;64.701;313.000;650.000;22,784
std.container.rbtree;int;remove;4,096;8,192;343.433;30.816;319.000;420.000;22,784
std.container.rbtree;String32;upsert;4,096;8,192;1,521.467;210.258;1,283.000;2,080.000;42,496
std.container.rbtree;String32;lookupFind;4,096;8,192;650.667;116.314;585.000;1,148.000;42,496
std.container.rbtree;String32;lookupFail;4,096;8,192;870.200;103.113;757.000;1,162.000;42,496
std.container.rbtree;String32;remove;4,096;8,192;829.733;57.023;769.000;1,069.000;42,496
std.container.rbtree;int;upsert;8,192;16,383;1,780.800;529.478;1,332.000;3,533.000;42,496
std.container.rbtree;int;lookupFind;8,192;16,383;725.000;81.971;634.000;893.000;42,496
std.container.rbtree;int;lookupFail;8,192;16,383;779.767;87.747;712.000;1,083.000;42,496
std.container.rbtree;int;remove;8,192;16,383;763.733;107.031;714.000;1,266.000;42,496
std.container.rbtree;String32;upsert;8,192;16,383;2,521.467;703.921;1,949.000;4,541.000;81,664
std.container.rbtree;String32;lookupFind;8,192;16,383;1,462.000;123.333;1,362.000;2,039.000;81,664
std.container.rbtree;String32;lookupFail;8,192;16,383;1,499.400;50.848;1,456.000;1,697.000;81,664
std.container.rbtree;String32;remove;8,192;16,383;1,864.267;369.862;1,695.000;3,026.000;81,664
std.container.rbtree;int;upsert;16,384;32,766;3,445.700;797.918;2,683.000;5,450.000;81,152
std.container.rbtree;int;lookupFind;16,384;32,766;1,685.667;235.436;1,535.000;2,495.000;81,152
std.container.rbtree;int;lookupFail;16,384;32,766;2,078.967;187.514;1,956.000;2,926.000;81,152
std.container.rbtree;int;remove;16,384;32,766;1,822.467;94.665;1,741.000;2,231.000;81,152
std.container.rbtree;String32;upsert;16,384;32,766;5,372.533;1,489.201;4,464.000;10,679.000;159,744
std.container.rbtree;String32;lookupFind;16,384;32,766;3,071.433;148.629;2,953.000;3,636.000;159,744
std.container.rbtree;String32;lookupFail;16,384;32,766;3,688.400;154.606;3,534.000;4,302.000;159,744
std.container.rbtree;String32;remove;16,384;32,766;6,024.000;413.881;5,679.000;7,232.000;159,744
std.container.rbtree;int;upsert;32,768;65,534;7,128.933;2,131.319;6,081.000;15,143.000;158,976
std.container.rbtree;int;lookupFind;32,768;65,534;3,853.200;170.361;3,706.000;4,482.000;158,976
std.container.rbtree;int;lookupFail;32,768;65,534;4,997.300;75.145;4,911.000;5,225.000;158,976
std.container.rbtree;int;remove;32,768;65,534;4,454.633;180.113;4,335.000;5,190.000;158,976
std.container.rbtree;String32;upsert;32,768;65,534;12,569.200;1,494.667;11,385.000;17,105.000;315,776
std.container.rbtree;String32;lookupFind;32,768;65,534;8,918.700;469.809;8,205.000;10,219.000;315,776
std.container.rbtree;String32;lookupFail;32,768;65,534;8,507.167;204.025;8,307.000;9,289.000;315,776
std.container.rbtree;String32;remove;32,768;65,534;8,787.700;280.057;8,504.000;10,085.000;315,776
std.container.rbtree;int;upsert;65,536;131,066;16,007.633;3,268.505;13,636.000;24,843.000;314,240
std.container.rbtree;int;lookupFind;65,536;131,066;9,241.567;909.416;8,783.000;13,743.000;314,240
std.container.rbtree;int;lookupFail;65,536;131,066;11,782.567;393.633;11,474.000;13,462.000;314,240
std.container.rbtree;int;remove;65,536;131,066;10,641.700;170.118;10,462.000;11,124.000;314,240
std.container.rbtree;String32;upsert;65,536;131,066;24,914.633;3,554.406;23,032.000;42,439.000;628,096
std.container.rbtree;String32;lookupFind;65,536;131,066;18,145.067;1,897.150;16,792.000;24,624.000;628,096
std.container.rbtree;String32;lookupFail;65,536;131,066;19,116.500;722.625;18,209.000;21,182.000;628,096
std.container.rbtree;String32;remove;65,536;131,066;18,906.200;539.807;18,384.000;20,747.000;628,096
std.container.rbtree;int;upsert;131,072;262,123;32,470.067;6,264.179;30,596.000;65,003.000;625,024
std.container.rbtree;int;lookupFind;131,072;262,123;22,066.067;2,089.995;20,454.000;29,035.000;625,024
std.container.rbtree;int;lookupFail;131,072;262,123;27,798.400;1,320.344;25,854.000;31,281.000;625,024
std.container.rbtree;int;remove;131,072;262,123;24,681.067;423.542;24,296.000;26,362.000;625,024
std.container.rbtree;String32;upsert;131,072;262,123;57,769.100;6,055.721;52,808.000;71,977.000;1,251,968
std.container.rbtree;String32;lookupFind;131,072;262,123;55,980.533;2,444.828;52,169.000;61,534.000;1,251,968
std.container.rbtree;String32;lookupFail;131,072;262,123;61,711.433;7,184.094;57,386.000;99,132.000;1,251,968
std.container.rbtree;String32;remove;131,072;262,123;59,481.733;20,190.882;49,933.000;130,143.000;1,251,968
std.container.rbtree;int;upsert;262,144;524,228;79,323.200;7,862.000;74,676.000;110,728.000;1,245,824
std.container.rbtree;int;lookupFind;262,144;524,228;57,299.667;2,956.365;53,472.000;64,770.000;1,245,824
std.container.rbtree;int;lookupFail;262,144;524,228;100,632.900;3,538.590;96,854.000;111,205.000;1,245,824
std.container.rbtree;int;remove;262,144;524,228;65,835.067;3,153.773;62,530.000;76,526.000;1,245,824
std.container.rbtree;String32;upsert;262,144;524,228;140,539.100;4,182.213;135,145.000;152,102.000;2,500,480
std.container.rbtree;String32;lookupFind;262,144;524,228;121,025.167;4,179.448;117,603.000;134,808.000;2,500,480
std.container.rbtree;String32;lookupFail;262,144;524,228;172,281.733;3,363.471;169,355.000;185,611.000;2,500,480
std.container.rbtree;String32;remove;262,144;524,228;157,956.700;3,168.516;155,204.000;165,883.000;2,500,480
std.container.rbtree;int;upsert;524,288;1,048,310;232,699.300;8,022.837;220,892.000;250,493.000;2,487,936
std.container.rbtree;int;lookupFind;524,288;1,048,310;193,788.433;9,604.639;174,997.000;238,311.000;2,487,936
std.container.rbtree;int;lookupFail;524,288;1,048,310;314,444.567;3,157.076;310,357.000;323,942.000;2,487,936
std.container.rbtree;int;remove;524,288;1,048,310;228,140.733;5,855.937;223,023.000;246,214.000;2,487,936
std.container.rbtree;String32;upsert;524,288;1,048,310;368,754.067;4,668.454;362,715.000;380,294.000;4,996,224
std.container.rbtree;String32;lookupFind;524,288;1,048,310;462,611.967;15,484.395;436,274.000;500,170.000;4,996,224
std.container.rbtree;String32;lookupFail;524,288;1,048,310;475,007.433;4,460.924;466,521.000;485,794.000;4,996,224
std.container.rbtree;String32;remove;524,288;1,048,310;424,519.900;13,461.859;414,617.000;492,075.000;4,996,224
std.container.rbtree;int;upsert;1,048,576;2,096,120;627,520.333;7,196.463;616,026.000;645,123.000;4,970,880
std.container.rbtree;int;lookupFind;1,048,576;2,096,120;528,665.733;3,965.969;523,167.000;539,282.000;4,970,880
std.container.rbtree;int;lookupFail;1,048,576;2,096,120;826,178.700;4,546.312;818,288.000;839,121.000;4,970,880
std.container.rbtree;int;remove;1,048,576;2,096,120;669,426.967;5,105.511;661,709.000;679,929.000;4,970,880
std.container.rbtree;String32;upsert;1,048,576;2,096,120;947,540.833;6,683.396;933,142.000;964,621.000;9,987,200
std.container.rbtree;String32;lookupFind;1,048,576;2,096,120;794,558.467;18,420.165;702,151.000;814,027.000;9,987,200
std.container.rbtree;String32;lookupFail;1,048,576;2,096,120;1,310,288.900;29,099.475;1,269,554.000;1,369,493.000;9,987,200
std.container.rbtree;String32;remove;1,048,576;2,096,120;1,077,936.433;15,960.023;1,027,263.000;1,136,903.000;9,987,200
AA-as-set;int;upsert;16;32;5.600;11.205;2.000;62.000;3,072
AA-as-set;int;lookupFind;16;32;1.433;0.504;1.000;2.000;3,072
AA-as-set;int;lookupFail;16;32;1.400;0.498;1.000;2.000;3,072
AA-as-set;int;remove;16;32;1.933;2.518;1.000;15.000;3,072
AA-as-set;String32;upsert;16;32;7.767;11.147;4.000;66.000;3,072
AA-as-set;String32;lookupFind;16;32;2.533;0.507;2.000;3.000;3,072
AA-as-set;String32;lookupFail;16;32;2.133;0.346;2.000;3.000;3,072
AA-as-set;String32;remove;16;32;2.767;0.504;2.000;4.000;3,072
AA-as-set;int;upsert;32;64;13.233;15.684;8.000;94.000;3,200
AA-as-set;int;lookupFind;32;64;1.533;0.571;1.000;3.000;3,200
AA-as-set;int;lookupFail;32;64;1.633;0.490;1.000;2.000;3,200
AA-as-set;int;remove;32;64;1.633;0.490;1.000;2.000;3,200
AA-as-set;String32;upsert;32;64;8.633;11.000;4.000;66.000;3,200
AA-as-set;String32;lookupFind;32;64;2.600;0.498;2.000;3.000;3,200
AA-as-set;String32;lookupFail;32;64;2.733;2.363;2.000;15.000;3,200
AA-as-set;String32;remove;32;64;4.100;5.473;2.000;33.000;3,200
AA-as-set;int;upsert;64;128;8.467;9.544;5.000;58.000;3,456
AA-as-set;int;lookupFind;64;128;2.233;0.774;1.000;5.000;3,456
AA-as-set;int;lookupFail;64;128;2.500;2.623;1.000;16.000;3,456
AA-as-set;int;remove;64;128;2.333;0.547;2.000;4.000;3,456
AA-as-set;String32;upsert;64;128;12.667;9.675;7.000;56.000;3,584
AA-as-set;String32;lookupFind;64;128;4.000;0.263;3.000;5.000;3,584
AA-as-set;String32;lookupFail;64;128;3.767;0.504;3.000;5.000;3,584
AA-as-set;String32;remove;64;128;5.833;4.691;4.000;23.000;3,584
AA-as-set;int;upsert;128;256;16.400;9.832;13.000;68.000;3,968
AA-as-set;int;lookupFind;128;256;2.400;0.498;2.000;3.000;3,968
AA-as-set;int;lookupFail;128;256;2.800;0.551;2.000;4.000;3,968
AA-as-set;int;remove;128;256;4.833;4.480;3.000;22.000;3,968
AA-as-set;String32;upsert;128;256;26.333;15.657;21.000;106.000;4,224
AA-as-set;String32;lookupFind;128;256;6.533;0.507;6.000;7.000;4,224
AA-as-set;String32;lookupFail;128;256;7.467;4.493;5.000;27.000;4,224
AA-as-set;String32;remove;128;256;8.333;0.606;8.000;10.000;4,224
AA-as-set;int;upsert;256;512;26.300;10.999;23.000;84.000;4,992
AA-as-set;int;lookupFind;256;512;4.367;0.490;4.000;5.000;4,992
AA-as-set;int;lookupFail;256;512;4.367;0.556;4.000;6.000;4,992
AA-as-set;int;remove;256;512;8.100;7.208;4.000;33.000;4,992
AA-as-set;String32;upsert;256;512;45.833;24.385;35.000;164.000;5,632
AA-as-set;String32;lookupFind;256;512;18.067;10.657;12.000;50.000;5,632
AA-as-set;String32;lookupFail;256;512;11.833;3.668;10.000;30.000;5,632
AA-as-set;String32;remove;256;512;15.600;5.230;14.000;43.000;5,632
AA-as-set;int;upsert;512;1,024;64.633;20.515;53.000;142.000;7,296
AA-as-set;int;lookupFind;512;1,024;10.167;9.363;6.000;48.000;7,296
AA-as-set;int;lookupFail;512;1,024;11.633;0.615;11.000;13.000;7,296
AA-as-set;int;remove;512;1,024;11.133;2.529;9.000;22.000;7,296
AA-as-set;String32;upsert;512;1,024;89.567;18.485;81.000;160.000;8,576
AA-as-set;String32;lookupFind;512;1,024;23.167;1.967;22.000;33.000;8,576
AA-as-set;String32;lookupFail;512;1,024;30.867;7.995;28.000;73.000;8,576
AA-as-set;String32;remove;512;1,024;28.933;1.660;28.000;35.000;8,576
AA-as-set;int;upsert;1,024;2,048;90.767;18.431;81.000;151.000;11,392
AA-as-set;int;lookupFind;1,024;2,048;14.233;1.695;13.000;22.000;11,392
AA-as-set;int;lookupFail;1,024;2,048;19.000;10.366;16.000;72.000;11,392
AA-as-set;int;remove;1,024;2,048;16.900;3.241;15.000;32.000;11,392
AA-as-set;String32;upsert;1,024;2,048;149.667;29.351;134.000;248.000;13,824
AA-as-set;String32;lookupFind;1,024;2,048;50.633;10.040;47.000;100.000;13,824
AA-as-set;String32;lookupFail;1,024;2,048;48.567;3.380;46.000;66.000;13,824
AA-as-set;String32;remove;1,024;2,048;58.700;9.987;54.000;92.000;13,824
AA-as-set;int;upsert;2,048;4,096;223.000;38.070;202.000;344.000;19,584
AA-as-set;int;lookupFind;2,048;4,096;22.667;3.487;21.000;41.000;19,584
AA-as-set;int;lookupFail;2,048;4,096;53.033;9.316;49.000;93.000;19,584
AA-as-set;int;remove;2,048;4,096;46.800;1.584;45.000;52.000;19,584
AA-as-set;String32;upsert;2,048;4,096;336.667;45.670;309.000;474.000;24,832
AA-as-set;String32;lookupFind;2,048;4,096;90.200;16.682;85.000;153.000;24,832
AA-as-set;String32;lookupFail;2,048;4,096;125.833;13.749;120.000;194.000;24,832
AA-as-set;String32;remove;2,048;4,096;126.267;12.199;122.000;182.000;24,832
AA-as-set;int;upsert;4,096;8,192;364.033;48.549;329.000;509.000;36,352
AA-as-set;int;lookupFind;4,096;8,192;58.833;2.755;57.000;73.000;36,352
AA-as-set;int;lookupFail;4,096;8,192;78.533;1.252;77.000;84.000;36,352
AA-as-set;int;remove;4,096;8,192;100.867;28.984;75.000;187.000;36,352
AA-as-set;String32;upsert;4,096;8,192;616.633;48.860;576.000;781.000;46,336
AA-as-set;String32;lookupFind;4,096;8,192;212.200;21.793;199.000;274.000;46,336
AA-as-set;String32;lookupFail;4,096;8,192;215.133;7.606;202.000;234.000;46,336
AA-as-set;String32;remove;4,096;8,192;256.833;37.645;231.000;353.000;46,336
AA-as-set;int;upsert;8,192;16,383;905.700;77.038;841.000;1,150.000;70,016
AA-as-set;int;lookupFind;8,192;16,383;100.533;11.452;96.000;148.000;70,016
AA-as-set;int;lookupFail;8,192;16,383;233.967;16.996;225.000;284.000;70,016
AA-as-set;int;remove;8,192;16,383;229.800;25.122;213.000;312.000;70,016
AA-as-set;String32;upsert;8,192;16,383;1,365.567;96.864;1,280.000;1,629.000;89,856
AA-as-set;String32;lookupFind;8,192;16,383;413.867;17.065;404.000;458.000;89,856
AA-as-set;String32;lookupFail;8,192;16,383;556.867;42.268;525.000;685.000;89,856
AA-as-set;String32;remove;8,192;16,383;610.267;105.341;547.000;919.000;89,856
AA-as-set;int;upsert;16,384;32,766;1,479.500;89.293;1,388.000;1,761.000;93,184
AA-as-set;int;lookupFind;16,384;32,766;277.067;44.221;256.000;477.000;93,184
AA-as-set;int;lookupFail;16,384;32,766;433.300;44.180;379.000;533.000;93,184
AA-as-set;int;remove;16,384;32,766;355.567;34.856;334.000;439.000;93,184
AA-as-set;String32;upsert;16,384;32,766;2,369.033;88.784;2,256.000;2,662.000;130,816
AA-as-set;String32;lookupFind;16,384;32,766;876.833;33.149;849.000;970.000;130,816
AA-as-set;String32;lookupFail;16,384;32,766;948.100;51.593;904.000;1,145.000;130,816
AA-as-set;String32;remove;16,384;32,766;994.600;29.324;968.000;1,079.000;130,816
AA-as-set;int;upsert;32,768;65,534;3,787.700;178.777;3,575.000;4,256.000;274,560
AA-as-set;int;lookupFind;32,768;65,534;502.000;204.517;414.000;1,377.000;274,560
AA-as-set;int;lookupFail;32,768;65,534;1,028.167;58.268;966.000;1,170.000;274,560
AA-as-set;int;remove;32,768;65,534;915.533;30.851;891.000;998.000;274,560
AA-as-set;String32;upsert;32,768;65,534;5,841.433;666.647;5,364.000;8,168.000;353,024
AA-as-set;String32;lookupFind;32,768;65,534;1,619.400;77.678;1,538.000;1,940.000;353,024
AA-as-set;String32;lookupFail;32,768;65,534;2,300.500;144.848;2,198.000;2,936.000;353,024
AA-as-set;String32;remove;32,768;65,534;2,213.800;38.445;2,154.000;2,321.000;353,024
AA-as-set;int;upsert;65,536;131,066;7,409.867;2,298.201;6,001.000;13,617.000;363,648
AA-as-set;int;lookupFind;65,536;131,066;1,160.033;41.825;1,115.000;1,317.000;363,648
AA-as-set;int;lookupFail;65,536;131,066;1,782.300;46.947;1,643.000;1,945.000;363,648
AA-as-set;int;remove;65,536;131,066;1,617.400;530.699;1,452.000;4,383.000;363,648
AA-as-set;String32;upsert;65,536;131,066;9,874.800;267.067;9,550.000;10,768.000;530,304
AA-as-set;String32;lookupFind;65,536;131,066;4,169.700;639.499;3,842.000;6,645.000;530,304
AA-as-set;String32;lookupFail;65,536;131,066;4,309.200;462.599;4,055.000;6,578.000;530,304
AA-as-set;String32;remove;65,536;131,066;4,601.467;689.256;4,284.000;7,715.000;530,304
AA-as-set;int;upsert;131,072;262,123;17,017.733;1,119.132;14,689.000;19,842.000;1,118,080
AA-as-set;int;lookupFind;131,072;262,123;3,999.433;297.098;3,758.000;5,492.000;1,118,080
AA-as-set;int;lookupFail;131,072;262,123;7,226.600;707.263;7,003.000;10,959.000;1,118,080
AA-as-set;int;remove;131,072;262,123;5,616.967;485.342;5,274.000;7,396.000;1,118,080
AA-as-set;String32;upsert;131,072;262,123;24,182.100;1,310.017;22,957.000;28,232.000;1,432,704
AA-as-set;String32;lookupFind;131,072;262,123;11,125.500;816.542;10,513.000;15,074.000;1,432,704
AA-as-set;String32;lookupFail;131,072;262,123;15,309.067;248.444;14,814.000;16,033.000;1,432,704
AA-as-set;String32;remove;131,072;262,123;11,634.167;999.183;11,064.000;15,457.000;1,432,704
AA-as-set;int;upsert;262,144;524,228;33,709.033;1,941.032;31,594.000;39,623.000;1,467,648
AA-as-set;int;lookupFind;262,144;524,228;9,635.633;409.992;9,265.000;11,506.000;1,467,648
AA-as-set;int;lookupFail;262,144;524,228;11,721.267;270.702;11,483.000;13,022.000;1,467,648
AA-as-set;int;remove;262,144;524,228;10,806.400;334.060;10,597.000;12,431.000;1,467,648
AA-as-set;String32;upsert;262,144;524,228;47,990.133;1,942.685;45,007.000;53,226.000;2,091,520
AA-as-set;String32;lookupFind;262,144;524,228;25,833.567;752.287;25,079.000;28,808.000;2,091,520
AA-as-set;String32;lookupFail;262,144;524,228;26,619.700;353.127;26,304.000;27,829.000;2,091,520
AA-as-set;String32;remove;262,144;524,228;25,203.400;581.621;24,570.000;26,808.000;2,091,520
AA-as-set;int;upsert;524,288;1,048,310;94,702.667;5,410.274;88,726.000;107,565.000;4,408,192
AA-as-set;int;lookupFind;524,288;1,048,310;22,497.567;98.572;22,389.000;22,812.000;4,408,192
AA-as-set;int;lookupFail;524,288;1,048,310;39,400.400;314.682;38,868.000;40,003.000;4,408,192
AA-as-set;int;remove;524,288;1,048,310;32,225.967;916.209;31,709.000;36,922.000;4,408,192
AA-as-set;String32;upsert;524,288;1,048,310;120,950.167;4,302.850;116,297.000;132,228.000;5,655,424
AA-as-set;String32;lookupFind;524,288;1,048,310;63,331.267;417.129;62,939.000;65,050.000;5,655,424
AA-as-set;String32;lookupFail;524,288;1,048,310;80,242.333;333.984;79,648.000;81,517.000;5,655,424
AA-as-set;String32;remove;524,288;1,048,310;68,332.500;3,277.668;67,037.000;83,608.000;5,655,424
AA-as-set;int;upsert;1,048,576;2,096,120;180,284.833;6,260.351;174,331.000;198,820.000;5,783,424
AA-as-set;int;lookupFind;1,048,576;2,096,120;51,861.567;511.186;51,441.000;54,350.000;5,783,424
AA-as-set;int;lookupFail;1,048,576;2,096,120;61,617.133;1,198.039;60,915.000;67,834.000;5,783,424
AA-as-set;int;remove;1,048,576;2,096,120;57,845.233;1,051.933;57,068.000;62,390.000;5,783,424
AA-as-set;String32;upsert;1,048,576;2,096,120;246,157.700;6,503.821;239,137.000;272,559.000;8,287,360
AA-as-set;String32;lookupFind;1,048,576;2,096,120;147,172.567;557.415;146,302.000;148,748.000;8,287,360
AA-as-set;String32;lookupFail;1,048,576;2,096,120;132,061.867;460.296;131,125.000;132,801.000;8,287,360
AA-as-set;String32;remove;1,048,576;2,096,120;144,209.833;675.368;142,779.000;145,792.000;8,287,360
eris.btree;int;upsert;16;32;1.600;0.563;1.000;3.000;2,688
eris.btree;int;lookupFind;16;32;1.033;0.183;1.000;2.000;2,688
eris.btree;int;lookupFail;16;32;1.433;0.504;1.000;2.000;2,688
eris.btree;int;remove;16;32;1.533;0.507;1.000;2.000;2,688
eris.btree;String32;upsert;16;32;3.300;1.208;2.000;9.000;2,816
eris.btree;String32;lookupFind;16;32;3.000;0.525;2.000;4.000;2,816
eris.btree;String32;lookupFail;16;32;3.200;0.484;2.000;4.000;2,816
eris.btree;String32;remove;16;32;3.633;0.490;3.000;4.000;2,816
eris.btree;int;upsert;32;64;2.033;0.183;2.000;3.000;2,688
eris.btree;int;lookupFind;32;64;1.600;0.498;1.000;2.000;2,688
eris.btree;int;lookupFail;32;64;1.633;0.556;1.000;3.000;2,688
eris.btree;int;remove;32;64;1.833;0.531;1.000;3.000;2,688
eris.btree;String32;upsert;32;64;4.233;1.104;4.000;10.000;2,816
eris.btree;String32;lookupFind;32;64;3.533;0.507;3.000;4.000;2,816
eris.btree;String32;lookupFail;32;64;3.533;0.629;3.000;5.000;2,816
eris.btree;String32;remove;32;64;3.467;0.571;3.000;5.000;2,816
eris.btree;int;upsert;64;128;3.533;0.681;3.000;6.000;2,816
eris.btree;int;lookupFind;64;128;2.200;0.407;2.000;3.000;2,816
eris.btree;int;lookupFail;64;128;1.933;0.450;1.000;3.000;2,816
eris.btree;int;remove;64;128;2.867;0.571;2.000;4.000;2,816
eris.btree;String32;upsert;64;128;8.167;1.177;7.000;14.000;2,816
eris.btree;String32;lookupFind;64;128;6.767;0.568;6.000;8.000;2,816
eris.btree;String32;lookupFail;64;128;7.833;3.130;6.000;24.000;2,816
eris.btree;String32;remove;64;128;6.933;2.982;5.000;22.000;2,816
eris.btree;int;upsert;128;256;7.267;0.691;7.000;10.000;2,816
eris.btree;int;lookupFind;128;256;4.300;0.596;4.000;6.000;2,816
eris.btree;int;lookupFail;128;256;3.033;0.809;2.000;6.000;2,816
eris.btree;int;remove;128;256;5.667;1.322;4.000;9.000;2,816
eris.btree;String32;upsert;128;256;19.667;1.668;19.000;27.000;2,688
eris.btree;String32;lookupFind;128;256;16.767;1.357;15.000;21.000;2,688
eris.btree;String32;lookupFail;128;256;19.500;2.898;17.000;26.000;2,688
eris.btree;String32;remove;128;256;17.733;4.433;14.000;30.000;2,688
eris.btree;int;upsert;256;512;16.500;1.717;15.000;23.000;2,688
eris.btree;int;lookupFind;256;512;9.500;0.630;9.000;11.000;2,688
eris.btree;int;lookupFail;256;512;8.900;1.768;8.000;17.000;2,688
eris.btree;int;remove;256;512;10.800;1.562;10.000;17.000;2,688
eris.btree;String32;upsert;256;512;47.500;3.712;45.000;62.000;2,944
eris.btree;String32;lookupFind;256;512;41.533;2.788;40.000;54.000;2,944
eris.btree;String32;lookupFail;256;512;47.600;17.809;40.000;139.000;2,944
eris.btree;String32;remove;256;512;40.800;7.175;35.000;75.000;2,944
eris.btree;int;upsert;512;1,024;37.200;4.930;35.000;59.000;2,688
eris.btree;int;lookupFind;512;1,024;23.200;9.249;18.000;56.000;2,688
eris.btree;int;lookupFail;512;1,024;20.967;1.273;19.000;24.000;2,688
eris.btree;int;remove;512;1,024;25.833;3.573;24.000;42.000;2,688
eris.btree;String32;upsert;512;1,024;114.000;14.709;103.000;156.000;2,944
eris.btree;String32;lookupFind;512;1,024;92.500;7.877;85.000;115.000;2,944
eris.btree;String32;lookupFail;512;1,024;97.267;19.235;85.000;151.000;2,944
eris.btree;String32;remove;512;1,024;105.367;29.315;89.000;229.000;2,944
eris.btree;int;upsert;1,024;2,048;84.233;21.548;74.000;164.000;2,816
eris.btree;int;lookupFind;1,024;2,048;60.700;15.360;42.000;116.000;2,816
eris.btree;int;lookupFail;1,024;2,048;52.500;13.841;43.000;116.000;2,816
eris.btree;int;remove;1,024;2,048;77.100;13.717;57.000;107.000;2,816
eris.btree;String32;upsert;1,024;2,048;242.500;30.193;224.000;313.000;2,944
eris.btree;String32;lookupFind;1,024;2,048;237.467;42.986;183.000;325.000;2,944
eris.btree;String32;lookupFail;1,024;2,048;211.900;40.364;175.000;337.000;2,944
eris.btree;String32;remove;1,024;2,048;206.133;46.078;183.000;398.000;2,944
eris.btree;int;upsert;2,048;4,096;169.100;23.433;154.000;223.000;2,816
eris.btree;int;lookupFind;2,048;4,096;103.667;13.621;97.000;168.000;2,816
eris.btree;int;lookupFail;2,048;4,096;108.700;12.318;102.000;159.000;2,816
eris.btree;int;remove;2,048;4,096;157.333;32.077;138.000;243.000;2,816
eris.btree;String32;upsert;2,048;4,096;602.667;86.323;502.000;803.000;3,200
eris.btree;String32;lookupFind;2,048;4,096;526.800;88.194;419.000;741.000;3,200
eris.btree;String32;lookupFail;2,048;4,096;505.200;137.115;387.000;875.000;3,200
eris.btree;String32;remove;2,048;4,096;437.633;34.169;413.000;527.000;3,200
eris.btree;int;upsert;4,096;8,192;391.467;51.479;345.000;511.000;2,816
eris.btree;int;lookupFind;4,096;8,192;250.067;35.041;217.000;368.000;2,816
eris.btree;int;lookupFail;4,096;8,192;226.567;47.752;193.000;407.000;2,816
eris.btree;int;remove;4,096;8,192;325.500;36.833;297.000;458.000;2,816
eris.btree;String32;upsert;4,096;8,192;1,231.033;158.547;1,036.000;1,638.000;3,456
eris.btree;String32;lookupFind;4,096;8,192;928.300;123.487;825.000;1,330.000;3,456
eris.btree;String32;lookupFail;4,096;8,192;908.400;92.202;851.000;1,176.000;3,456
eris.btree;String32;remove;4,096;8,192;1,010.267;120.835;925.000;1,465.000;3,456
eris.btree;int;upsert;8,192;16,383;836.400;132.488;747.000;1,315.000;3,072
eris.btree;int;lookupFind;8,192;16,383;473.367;30.541;451.000;599.000;3,072
eris.btree;int;lookupFail;8,192;16,383;474.600;64.867;410.000;632.000;3,072
eris.btree;int;remove;8,192;16,383;667.133;55.431;628.000;896.000;3,072
eris.btree;String32;upsert;8,192;16,383;2,327.400;107.070;2,227.000;2,791.000;4,096
eris.btree;String32;lookupFind;8,192;16,383;1,960.900;264.099;1,825.000;3,092.000;4,096
eris.btree;String32;lookupFail;8,192;16,383;1,995.633;75.424;1,922.000;2,225.000;4,096
eris.btree;String32;remove;8,192;16,383;2,156.000;45.216;2,095.000;2,259.000;4,096
eris.btree;int;upsert;16,384;32,766;1,666.333;87.215;1,580.000;1,899.000;3,072
eris.btree;int;lookupFind;16,384;32,766;988.533;71.804;912.000;1,259.000;3,072
eris.btree;int;lookupFail;16,384;32,766;965.633;23.797;912.000;1,037.000;3,072
eris.btree;int;remove;16,384;32,766;1,383.300;77.042;1,306.000;1,640.000;3,072
eris.btree;String32;upsert;16,384;32,766;5,181.767;507.568;4,874.000;7,403.000;5,504
eris.btree;String32;lookupFind;16,384;32,766;4,233.867;65.375;4,158.000;4,451.000;5,504
eris.btree;String32;lookupFail;16,384;32,766;4,531.867;114.975;4,408.000;4,987.000;5,504
eris.btree;String32;remove;16,384;32,766;4,821.133;70.110;4,736.000;5,024.000;5,504
eris.btree;int;upsert;32,768;65,534;3,498.233;129.481;3,355.000;3,910.000;3,456
eris.btree;int;lookupFind;32,768;65,534;2,140.200;68.761;2,006.000;2,303.000;3,456
eris.btree;int;lookupFail;32,768;65,534;2,256.267;56.784;2,136.000;2,404.000;3,456
eris.btree;int;remove;32,768;65,534;2,921.900;122.181;2,814.000;3,347.000;3,456
eris.btree;String32;upsert;32,768;65,534;11,199.267;616.956;10,738.000;13,278.000;8,448
eris.btree;String32;lookupFind;32,768;65,534;9,281.400;771.356;8,971.000;13,296.000;8,448
eris.btree;String32;lookupFail;32,768;65,534;9,997.667;1,035.317;9,639.000;15,187.000;8,448
eris.btree;String32;remove;32,768;65,534;10,587.567;843.955;10,252.000;14,490.000;8,448
eris.btree;int;upsert;65,536;131,066;7,554.700;300.360;7,295.000;8,570.000;4,096
eris.btree;int;lookupFind;65,536;131,066;4,836.267;66.737;4,726.000;4,986.000;4,096
eris.btree;int;lookupFail;65,536;131,066;5,252.933;112.564;5,042.000;5,529.000;4,096
eris.btree;int;remove;65,536;131,066;6,623.000;504.855;6,361.000;9,058.000;4,096
eris.btree;String32;upsert;65,536;131,066;23,678.000;427.067;23,170.000;25,477.000;13,976
eris.btree;String32;lookupFind;65,536;131,066;20,547.533;1,271.903;19,883.000;25,639.000;13,976
eris.btree;String32;lookupFail;65,536;131,066;24,185.600;3,100.948;22,444.000;34,585.000;13,976
eris.btree;String32;remove;65,536;131,066;23,446.567;1,034.273;22,749.000;27,731.000;13,976
eris.btree;int;upsert;131,072;262,123;16,814.733;1,985.319;15,779.000;25,984.000;5,248
eris.btree;int;lookupFind;131,072;262,123;11,619.800;827.397;11,070.000;14,880.000;5,248
eris.btree;int;lookupFail;131,072;262,123;11,573.733;177.151;11,383.000;12,298.000;5,248
eris.btree;int;remove;131,072;262,123;15,058.133;232.066;14,786.000;15,744.000;5,248
eris.btree;String32;upsert;131,072;262,123;53,288.967;4,746.158;50,812.000;70,656.000;25,472
eris.btree;String32;lookupFind;131,072;262,123;47,997.900;3,058.568;46,378.000;59,620.000;25,472
eris.btree;String32;lookupFail;131,072;262,123;59,551.867;662.048;58,889.000;61,077.000;25,472
eris.btree;String32;remove;131,072;262,123;54,186.733;1,011.406;53,201.000;57,318.000;25,472
eris.btree;int;upsert;262,144;524,228;35,242.000;2,126.209;34,134.000;44,833.000;7,904
eris.btree;int;lookupFind;262,144;524,228;24,710.767;502.719;23,991.000;26,010.000;7,904
eris.btree;int;lookupFail;262,144;524,228;24,964.667;595.069;24,269.000;27,272.000;7,904
eris.btree;int;remove;262,144;524,228;32,616.833;532.834;32,178.000;34,600.000;7,904
eris.btree;String32;upsert;262,144;524,228;120,878.000;3,481.085;118,227.000;131,723.000;48,088
eris.btree;String32;lookupFind;262,144;524,228;117,976.500;2,486.239;115,551.000;127,260.000;48,088
eris.btree;String32;lookupFail;262,144;524,228;152,170.000;1,084.446;150,645.000;155,059.000;48,088
eris.btree;String32;remove;262,144;524,228;135,766.400;1,220.441;133,769.000;138,516.000;48,088
eris.btree;int;upsert;524,288;1,048,310;74,724.733;2,111.209;72,710.000;81,374.000;13,448
eris.btree;int;lookupFind;524,288;1,048,310;54,165.200;1,669.191;52,096.000;60,529.000;13,448
eris.btree;int;lookupFail;524,288;1,048,310;61,177.300;630.804;59,827.000;62,463.000;13,448
eris.btree;int;remove;524,288;1,048,310;69,749.300;1,434.390;68,767.000;75,643.000;13,448
eris.btree;String32;upsert;524,288;1,048,310;288,751.367;4,942.796;282,304.000;306,370.000;93,440
eris.btree;String32;lookupFind;524,288;1,048,310;295,239.733;1,679.401;293,375.000;300,783.000;93,440
eris.btree;String32;lookupFail;524,288;1,048,310;361,555.933;489.639;360,481.000;362,365.000;93,440
eris.btree;String32;remove;524,288;1,048,310;351,853.067;1,138.761;349,918.000;354,195.000;93,440
eris.btree;int;upsert;1,048,576;2,096,120;162,581.267;3,183.984;159,532.000;171,765.000;24,452
eris.btree;int;lookupFind;1,048,576;2,096,120;133,582.467;2,531.937;130,206.000;143,979.000;24,452
eris.btree;int;lookupFail;1,048,576;2,096,120;192,825.833;1,175.624;190,686.000;195,400.000;24,452
eris.btree;int;remove;1,048,576;2,096,120;165,403.400;2,832.730;161,401.000;173,109.000;24,452
eris.btree;String32;upsert;1,048,576;2,096,120;686,594.500;6,927.764;680,523.000;709,617.000;184,124
eris.btree;String32;lookupFind;1,048,576;2,096,120;717,398.467;1,421.670;714,040.000;719,780.000;184,124
eris.btree;String32;lookupFail;1,048,576;2,096,120;810,892.367;1,709.377;807,306.000;814,572.000;184,124
eris.btree;String32;remove;1,048,576;2,096,120;847,805.533;3,330.332;840,425.000;856,742.000;184,124
std::set;int;upsert;16;32;1.433;0.568;1.000;3.000;768
std::set;int;lookupFind;16;32;1.367;0.809;1.000;5.000;768
std::set;int;lookupFail;16;32;1.233;0.430;1.000;2.000;768
std::set;int;remove;16;32;1.500;0.509;1.000;2.000;768
std::set;String32;upsert;16;32;2.833;3.425;1.000;19.000;896
std::set;String32;lookupFind;16;32;1.933;0.521;1.000;3.000;896
std::set;String32;lookupFail;16;32;2.200;0.407;2.000;3.000;896
std::set;String32;remove;16;32;2.067;0.254;2.000;3.000;896
std::set;int;upsert;32;64;2.400;3.013;1.000;18.000;896
std::set;int;lookupFind;32;64;1.400;0.498;1.000;2.000;896
std::set;int;lookupFail;32;64;1.500;0.682;1.000;4.000;896
std::set;int;remove;32;64;2.200;0.610;2.000;5.000;896
std::set;String32;upsert;32;64;3.900;1.125;3.000;9.000;896
std::set;String32;lookupFind;32;64;3.767;0.504;3.000;5.000;896
std::set;String32;lookupFail;32;64;3.867;0.507;3.000;5.000;896
std::set;String32;remove;32;64;3.633;1.790;2.000;12.000;896
std::set;int;upsert;64;128;2.967;1.426;2.000;9.000;896
std::set;int;lookupFind;64;128;1.933;0.583;1.000;3.000;896
std::set;int;lookupFail;64;128;1.800;0.551;1.000;3.000;896
std::set;int;remove;64;128;3.933;4.059;2.000;25.000;896
std::set;String32;upsert;64;128;7.267;1.721;6.000;15.000;896
std::set;String32;lookupFind;64;128;7.033;0.718;6.000;9.000;896
std::set;String32;lookupFail;64;128;8.100;4.221;6.000;24.000;896
std::set;String32;remove;64;128;6.367;1.351;5.000;11.000;896
std::set;int;upsert;128;256;5.233;3.617;4.000;21.000;896
std::set;int;lookupFind;128;256;2.900;1.029;2.000;6.000;896
std::set;int;lookupFail;128;256;3.400;3.191;2.000;19.000;896
std::set;int;remove;128;256;6.833;2.183;5.000;14.000;896
std::set;String32;upsert;128;256;19.900;3.305;18.000;34.000;896
std::set;String32;lookupFind;128;256;16.800;0.925;15.000;19.000;896
std::set;String32;lookupFail;128;256;16.200;0.761;14.000;18.000;896
std::set;String32;remove;128;256;18.467;3.037;16.000;30.000;896
std::set;int;upsert;256;512;11.567;8.307;8.000;43.000;896
std::set;int;lookupFind;256;512;7.100;1.729;6.000;12.000;896
std::set;int;lookupFail;256;512;10.433;3.093;8.000;25.000;896
std::set;int;remove;256;512;24.067;9.734;14.000;44.000;896
std::set;String32;upsert;256;512;64.267;17.601;42.000;108.000;896
std::set;String32;lookupFind;256;512;58.233;9.442;45.000;80.000;896
std::set;String32;lookupFail;256;512;43.500;8.589;38.000;65.000;896
std::set;String32;remove;256;512;50.900;1.882;48.000;57.000;896
std::set;int;upsert;512;1,024;42.300;9.374;37.000;85.000;896
std::set;int;lookupFind;512;1,024;36.100;4.634;33.000;59.000;896
std::set;int;lookupFail;512;1,024;37.900;2.940;35.000;52.000;896
std::set;int;remove;512;1,024;66.800;4.999;60.000;86.000;896
std::set;String32;upsert;512;1,024;101.267;11.858;93.000;158.000;1,024
std::set;String32;lookupFind;512;1,024;108.600;2.799;103.000;114.000;1,024
std::set;String32;lookupFail;512;1,024;112.600;23.026;82.000;182.000;1,024
std::set;String32;remove;512;1,024;149.533;45.966;108.000;219.000;1,024
std::set;int;upsert;1,024;2,048;78.000;10.616;70.000;124.000;1,024
std::set;int;lookupFind;1,024;2,048;66.467;4.392;63.000;86.000;1,024
std::set;int;lookupFail;1,024;2,048;73.000;7.052;66.000;96.000;1,024
std::set;int;remove;1,024;2,048;115.867;15.088;106.000;164.000;1,024
std::set;String32;upsert;1,024;2,048;240.767;24.667;220.000;333.000;1,152
std::set;String32;lookupFind;1,024;2,048;231.433;53.697;184.000;343.000;1,152
std::set;String32;lookupFail;1,024;2,048;177.033;20.018;157.000;235.000;1,152
std::set;String32;remove;1,024;2,048;269.267;71.208;210.000;463.000;1,152
std::set;int;upsert;2,048;4,096;203.633;54.041;144.000;328.000;1,152
std::set;int;lookupFind;2,048;4,096;150.700;32.376;135.000;268.000;1,152
std::set;int;lookupFail;2,048;4,096;156.567;40.739;138.000;323.000;1,152
std::set;int;remove;2,048;4,096;267.667;52.483;217.000;396.000;1,152
std::set;String32;upsert;2,048;4,096;430.600;82.847;353.000;728.000;1,280
std::set;String32;lookupFind;2,048;4,096;478.933;117.730;382.000;763.000;1,280
std::set;String32;lookupFail;2,048;4,096;396.167;83.515;342.000;658.000;1,280
std::set;String32;remove;2,048;4,096;519.033;105.610;456.000;843.000;1,280
std::set;int;upsert;4,096;8,192;529.900;133.372;320.000;899.000;1,280
std::set;int;lookupFind;4,096;8,192;423.500;79.402;318.000;636.000;1,280
std::set;int;lookupFail;4,096;8,192;352.033;61.817;304.000;616.000;1,280
std::set;int;remove;4,096;8,192;511.033;90.846;461.000;884.000;1,280
std::set;String32;upsert;4,096;8,192;1,100.067;304.359;867.000;2,316.000;1,664
std::set;String32;lookupFind;4,096;8,192;872.867;63.605;803.000;1,066.000;1,664
std::set;String32;lookupFail;4,096;8,192;817.867;31.672;776.000;893.000;1,664
std::set;String32;remove;4,096;8,192;1,070.000;37.658;1,042.000;1,185.000;1,664
std::set;int;upsert;8,192;16,383;1,093.667;196.084;868.000;1,819.000;1,536
std::set;int;lookupFind;8,192;16,383;892.667;106.730;819.000;1,361.000;1,536
std::set;int;lookupFail;8,192;16,383;868.000;50.764;817.000;1,031.000;1,536
std::set;int;remove;8,192;16,383;1,189.467;59.180;1,132.000;1,372.000;1,536
std::set;String32;upsert;8,192;16,383;2,460.467;463.304;2,141.000;4,512.000;2,560
std::set;String32;lookupFind;8,192;16,383;2,020.067;170.026;1,905.000;2,872.000;2,560
std::set;String32;lookupFail;8,192;16,383;1,953.733;58.928;1,863.000;2,127.000;2,560
std::set;String32;remove;8,192;16,383;2,397.267;68.239;2,304.000;2,576.000;2,560
std::set;int;upsert;16,384;32,766;2,388.233;460.101;2,011.000;3,921.000;2,560
std::set;int;lookupFind;16,384;32,766;2,260.100;103.024;2,158.000;2,682.000;2,560
std::set;int;lookupFail;16,384;32,766;2,220.433;115.709;2,140.000;2,783.000;2,560
std::set;int;remove;16,384;32,766;2,832.667;54.216;2,759.000;2,972.000;2,560
std::set;String32;upsert;16,384;32,766;4,951.433;715.856;4,361.000;7,027.000;4,352
std::set;String32;lookupFind;16,384;32,766;4,898.067;680.592;4,392.000;6,971.000;4,352
std::set;String32;lookupFail;16,384;32,766;6,419.767;1,471.158;4,386.000;9,184.000;4,352
std::set;String32;remove;16,384;32,766;5,571.133;490.321;5,186.000;7,008.000;4,352
std::set;int;upsert;32,768;65,534;5,207.200;900.439;4,712.000;8,986.000;4,096
std::set;int;lookupFind;32,768;65,534;5,304.167;102.080;5,159.000;5,689.000;4,096
std::set;int;lookupFail;32,768;65,534;5,226.833;103.446;5,086.000;5,613.000;4,096
std::set;int;remove;32,768;65,534;6,626.833;255.108;6,368.000;7,451.000;4,096
std::set;String32;upsert;32,768;65,534;10,091.500;948.918;9,381.000;13,565.000;7,936
std::set;String32;lookupFind;32,768;65,534;10,049.300;209.328;9,807.000;10,954.000;7,936
std::set;String32;lookupFail;32,768;65,534;10,067.567;588.163;9,628.000;12,812.000;7,936
std::set;String32;remove;32,768;65,534;13,404.367;3,294.319;11,570.000;27,993.000;7,936
std::set;int;upsert;65,536;131,066;24,490.433;6,946.357;11,603.000;38,331.000;7,424
std::set;int;lookupFind;65,536;131,066;13,994.667;3,959.250;11,930.000;25,681.000;7,424
std::set;int;lookupFail;65,536;131,066;12,547.033;963.231;12,017.000;16,648.000;7,424
std::set;int;remove;65,536;131,066;14,974.200;1,275.633;14,389.000;20,705.000;7,424
std::set;String32;upsert;65,536;131,066;25,220.333;1,987.092;23,545.000;30,020.000;15,104
std::set;String32;lookupFind;65,536;131,066;25,737.233;3,099.953;23,848.000;36,109.000;15,104
std::set;String32;lookupFail;65,536;131,066;31,730.267;3,037.954;26,061.000;38,067.000;15,104
std::set;String32;remove;65,536;131,066;33,636.933;3,694.188;27,116.000;44,519.000;15,104
std::set;int;upsert;131,072;262,123;34,437.500;6,347.251;30,336.000;65,326.000;14,080
std::set;int;lookupFind;131,072;262,123;36,477.833;1,945.997;34,045.000;42,707.000;14,080
std::set;int;lookupFail;131,072;262,123;42,526.567;9,113.683;37,855.000;76,548.000;14,080
std::set;int;remove;131,072;262,123;37,769.033;2,324.166;36,006.000;46,207.000;14,080
std::set;String32;upsert;131,072;262,123;78,713.033;3,053.786;74,113.000;90,459.000;29,312
std::set;String32;lookupFind;131,072;262,123;89,856.133;7,969.333;81,965.000;110,396.000;29,312
std::set;String32;lookupFail;131,072;262,123;79,901.733;3,538.041;76,782.000;90,834.000;29,312
std::set;String32;remove;131,072;262,123;87,359.300;2,049.128;84,801.000;94,817.000;29,312
std::set;int;upsert;262,144;524,228;115,422.867;2,777.453;112,713.000;122,826.000;27,392
std::set;int;lookupFind;262,144;524,228;136,581.600;2,209.358;134,331.000;143,423.000;27,392
std::set;int;lookupFail;262,144;524,228;130,312.100;5,713.341;126,913.000;158,530.000;27,392
std::set;int;remove;262,144;524,228;138,852.133;1,780.827;136,815.000;143,455.000;27,392
std::set;String32;upsert;262,144;524,228;219,430.700;9,381.323;171,284.000;225,637.000;58,112
std::set;String32;lookupFind;262,144;524,228;218,443.967;1,840.732;215,722.000;222,863.000;58,112
std::set;String32;lookupFail;262,144;524,228;208,008.600;1,985.199;204,647.000;212,064.000;58,112
std::set;String32;remove;262,144;524,228;232,443.300;1,834.965;229,144.000;238,059.000;58,112
std::set;int;upsert;524,288;1,048,310;325,810.233;9,274.674;280,043.000;338,589.000;53,888
std::set;int;lookupFind;524,288;1,048,310;368,764.133;4,690.409;350,858.000;376,289.000;53,888
std::set;int;lookupFail;524,288;1,048,310;354,356.733;6,320.789;341,930.000;383,814.000;53,888
std::set;int;remove;524,288;1,048,310;385,284.767;22,233.836;373,539.000;470,479.000;53,888
std::set;String32;upsert;524,288;1,048,310;559,581.267;18,985.184;463,371.000;582,083.000;115,328
std::set;String32;lookupFind;524,288;1,048,310;540,344.000;7,074.832;505,650.000;545,244.000;115,328
std::set;String32;lookupFail;524,288;1,048,310;520,917.333;5,182.838;514,866.000;543,524.000;115,328
std::set;String32;remove;524,288;1,048,310;572,312.400;2,955.882;566,651.000;581,548.000;115,328
std::set;int;upsert;1,048,576;2,096,120;853,759.567;31,449.835;687,776.000;866,599.000;107,136
std::set;int;lookupFind;1,048,576;2,096,120;979,317.900;33,584.327;947,166.000;1,102,076.000;107,136
std::set;int;lookupFail;1,048,576;2,096,120;927,315.067;34,894.085;895,800.000;1,066,934.000;107,136
std::set;int;remove;1,048,576;2,096,120;1,071,649.367;97,779.669;956,326.000;1,312,286.000;107,136
std::set;String32;upsert;1,048,576;2,096,120;1,453,334.233;113,269.251;1,179,915.000;1,652,593.000;230,016
std::set;String32;lookupFind;1,048,576;2,096,120;1,286,400.733;28,127.391;1,264,076.000;1,424,815.000;230,016
std::set;String32;lookupFail;1,048,576;2,096,120;1,246,256.333;47,158.833;1,220,723.000;1,434,113.000;230,016
std::set;String32;remove;1,048,576;2,096,120;1,357,563.633;24,750.341;1,335,300.000;1,439,514.000;230,016
std::unordered_set;int;upsert;16;32;2.867;2.013;2.000;13.000;896
std::unordered_set;int;lookupFind;16;32;1.833;0.379;1.000;2.000;896
std::unordered_set;int;lookupFail;16;32;2.100;0.607;1.000;4.000;896
std::unordered_set;int;remove;16;32;2.833;0.461;2.000;4.000;896
std::unordered_set;String32;upsert;16;32;10.300;2.493;8.000;21.000;896
std::unordered_set;String32;lookupFind;16;32;6.067;0.740;5.000;8.000;896
std::unordered_set;String32;lookupFail;16;32;9.933;0.944;8.000;12.000;896
std::unordered_set;String32;remove;16;32;4.600;0.498;4.000;5.000;896
std::unordered_set;int;upsert;32;64;3.267;1.552;2.000;11.000;896
std::unordered_set;int;lookupFind;32;64;2.300;0.535;2.000;4.000;896
std::unordered_set;int;lookupFail;32;64;1.833;0.379;1.000;2.000;896
std::unordered_set;int;remove;32;64;2.767;0.430;2.000;3.000;896
std::unordered_set;String32;upsert;32;64;16.500;5.999;12.000;38.000;896
std::unordered_set;String32;lookupFind;32;64;16.267;4.076;13.000;32.000;896
std::unordered_set;String32;lookupFail;32;64;29.900;5.202;22.000;37.000;896
std::unordered_set;String32;remove;32;64;10.533;0.900;9.000;13.000;896
std::unordered_set;int;upsert;64;128;5.167;2.335;4.000;17.000;896
std::unordered_set;int;lookupFind;64;128;2.167;0.379;2.000;3.000;896
std::unordered_set;int;lookupFail;64;128;2.200;0.407;2.000;3.000;896
std::unordered_set;int;remove;64;128;3.900;0.403;3.000;5.000;896
std::unordered_set;String32;upsert;64;128;41.233;2.161;39.000;51.000;896
std::unordered_set;String32;lookupFind;64;128;43.700;4.610;40.000;67.000;896
std::unordered_set;String32;lookupFail;64;128;87.733;10.628;79.000;129.000;896
std::unordered_set;String32;remove;64;128;25.267;5.753;18.000;43.000;896
std::unordered_set;int;upsert;128;256;8.967;3.189;8.000;25.000;896
std::unordered_set;int;lookupFind;128;256;2.900;0.305;2.000;3.000;896
std::unordered_set;int;lookupFail;128;256;3.100;0.305;3.000;4.000;896
std::unordered_set;int;remove;128;256;8.900;2.893;6.000;22.000;896
std::unordered_set;String32;upsert;128;256;269.633;26.528;218.000;324.000;896
std::unordered_set;String32;lookupFind;128;256;200.333;33.620;160.000;250.000;896
std::unordered_set;String32;lookupFail;128;256;323.233;61.238;264.000;448.000;896
std::unordered_set;String32;remove;128;256;40.000;2.754;37.000;47.000;896
std::unordered_set;int;upsert;256;512;17.867;4.100;16.000;34.000;896
std::unordered_set;int;lookupFind;256;512;5.100;0.712;4.000;7.000;896
std::unordered_set;int;lookupFail;256;512;6.633;2.697;4.000;13.000;896
std::unordered_set;int;remove;256;512;11.600;0.894;10.000;14.000;896
std::unordered_set;String32;upsert;256;512;541.667;58.606;471.000;715.000;896
std::unordered_set;String32;lookupFind;256;512;676.500;125.368;558.000;1,042.000;896
std::unordered_set;String32;lookupFail;256;512;1,207.100;236.889;1,005.000;2,250.000;896
std::unordered_set;String32;remove;256;512;451.100;35.365;421.000;559.000;896
std::unordered_set;int;upsert;512;1,024;41.800;10.512;35.000;75.000;896
std::unordered_set;int;lookupFind;512;1,024;10.067;5.099;8.000;25.000;896
std::unordered_set;int;lookupFail;512;1,024;12.033;6.223;8.000;27.000;896
std::unordered_set;int;remove;512;1,024;30.600;16.162;19.000;85.000;896
std::unordered_set;String32;upsert;512;1,024;2,671.500;477.698;1,931.000;3,595.000;896
std::unordered_set;String32;lookupFind;512;1,024;2,368.333;341.962;2,093.000;3,726.000;896
std::unordered_set;String32;lookupFail;512;1,024;4,990.400;1,053.201;4,061.000;7,717.000;896
std::unordered_set;String32;remove;512;1,024;1,790.400;94.025;1,660.000;2,048.000;896
std::unordered_set;int;upsert;1,024;2,048;116.033;20.258;85.000;162.000;1,024
std::unordered_set;int;lookupFind;1,024;2,048;31.200;7.984;21.000;52.000;1,024
std::unordered_set;int;lookupFail;1,024;2,048;20.000;4.243;17.000;35.000;1,024
std::unordered_set;int;remove;1,024;2,048;52.133;12.417;41.000;87.000;1,024
std::unordered_set;String32;upsert;1,024;2,048;7,691.767;1,032.908;6,624.000;10,941.000;896
std::unordered_set;String32;lookupFind;1,024;2,048;9,160.833;988.030;7,954.000;13,103.000;896
std::unordered_set;String32;lookupFail;1,024;2,048;15,862.867;764.352;14,924.000;18,007.000;896
std::unordered_set;String32;remove;1,024;2,048;6,272.400;364.974;5,594.000;7,086.000;896
std::unordered_set;int;upsert;2,048;4,096;170.867;50.324;127.000;338.000;1,152
std::unordered_set;int;lookupFind;2,048;4,096;46.200;10.804;39.000;86.000;1,152
std::unordered_set;int;lookupFail;2,048;4,096;40.867;7.886;36.000;71.000;1,152
std::unordered_set;int;remove;2,048;4,096;96.633;20.543;78.000;188.000;1,152
std::unordered_set;String32;upsert;2,048;4,096;28,090.833;1,790.524;26,418.000;34,785.000;1,152
std::unordered_set;String32;lookupFind;2,048;4,096;29,740.467;1,711.485;27,706.000;33,634.000;1,152
std::unordered_set;String32;lookupFail;2,048;4,096;61,717.400;8,008.686;54,938.000;92,043.000;1,152
std::unordered_set;String32;remove;2,048;4,096;23,291.267;1,091.266;21,740.000;26,000.000;1,152
std::unordered_set;int;upsert;4,096;8,192;376.433;90.282;263.000;631.000;1,280
std::unordered_set;int;lookupFind;4,096;8,192;101.067;35.116;79.000;221.000;1,280
std::unordered_set;int;lookupFail;4,096;8,192;82.567;17.647;71.000;139.000;1,280
std::unordered_set;int;remove;4,096;8,192;172.267;28.049;157.000;268.000;1,280
std::unordered_set;String32;upsert;4,096;8,192;102,622.333;3,821.674;99,108.000;116,554.000;1,536
std::unordered_set;String32;lookupFind;4,096;8,192;115,066.633;8,664.783;109,773.000;159,079.000;1,536
std::unordered_set;String32;lookupFail;4,096;8,192;237,284.167;20,697.443;223,691.000;310,362.000;1,536
std::unordered_set;String32;remove;4,096;8,192;86,420.500;2,674.029;83,411.000;95,291.000;1,536
std::unordered_set;int;upsert;8,192;16,383;691.867;155.359;556.000;1,116.000;1,536
std::unordered_set;int;lookupFind;8,192;16,383;218.933;74.951;160.000;464.000;1,536
std::unordered_set;int;lookupFail;8,192;16,383;159.367;19.157;149.000;238.000;1,536
std::unordered_set;int;remove;8,192;16,383;344.367;13.140;339.000;391.000;1,536
std::unordered_set;String32;upsert;8,192;16,383;581,765.600;65,124.386;480,617.000;646,540.000;2,456
std::unordered_set;String32;lookupFind;8,192;16,383;533,929.833;44,216.986;481,972.000;677,556.000;2,456
std::unordered_set;String32;lookupFail;8,192;16,383;996,221.333;63,963.184;905,572.000;1,139,832.000;2,456
std::unordered_set;String32;remove;8,192;16,383;340,667.633;4,825.791;335,369.000;357,069.000;2,456
std::unordered_set;int;upsert;16,384;32,766;1,423.000;234.234;1,209.000;2,161.000;2,304
std::unordered_set;int;lookupFind;16,384;32,766;363.033;68.716;334.000;697.000;2,304
std::unordered_set;int;lookupFail;16,384;32,766;321.533;16.258;312.000;366.000;2,304
std::unordered_set;int;remove;16,384;32,766;795.933;32.736;749.000;889.000;2,304
std::unordered_set;String32;upsert;16,384;32,766;;;;;
std::unordered_set;String32;lookupFind;16,384;32,766;;;;;
std::unordered_set;String32;lookupFail;16,384;32,766;;;;;
std::unordered_set;String32;remove;16,384;32,766;;;;;
std::unordered_set;int;upsert;32,768;65,534;3,260.200;811.770;2,545.000;5,345.000;3,776
std::unordered_set;int;lookupFind;32,768;65,534;713.467;23.814;691.000;785.000;3,776
std::unordered_set;int;lookupFail;32,768;65,534;684.033;27.839;658.000;746.000;3,776
std::unordered_set;int;remove;32,768;65,534;1,686.867;55.935;1,614.000;1,858.000;3,776
std::unordered_set;String32;upsert;32,768;65,534;;;;;
std::unordered_set;String32;lookupFind;32,768;65,534;;;;;
std::unordered_set;String32;lookupFail;32,768;65,534;;;;;
std::unordered_set;String32;remove;32,768;65,534;;;;;
std::unordered_set;int;upsert;65,536;131,066;6,474.633;2,031.704;5,448.000;13,063.000;6,748
std::unordered_set;int;lookupFind;65,536;131,066;1,581.600;348.122;1,436.000;3,279.000;6,748
std::unordered_set;int;lookupFail;65,536;131,066;1,458.000;104.573;1,387.000;1,912.000;6,748
std::unordered_set;int;remove;65,536;131,066;3,631.900;230.173;3,432.000;4,392.000;6,748
std::unordered_set;String32;upsert;65,536;131,066;;;;;
std::unordered_set;String32;lookupFind;65,536;131,066;;;;;
std::unordered_set;String32;lookupFail;65,536;131,066;;;;;
std::unordered_set;String32;remove;65,536;131,066;;;;;
std::unordered_set;int;upsert;131,072;262,123;14,483.100;5,336.318;12,009.000;33,785.000;12,736
std::unordered_set;int;lookupFind;131,072;262,123;3,698.633;444.535;3,469.000;5,737.000;12,736
std::unordered_set;int;lookupFail;131,072;262,123;5,047.767;485.189;4,675.000;6,830.000;12,736
std::unordered_set;int;remove;131,072;262,123;8,127.200;345.336;7,733.000;9,244.000;12,736
std::unordered_set;String32;upsert;131,072;262,123;;;;;
std::unordered_set;String32;lookupFind;131,072;262,123;;;;;
std::unordered_set;String32;lookupFail;131,072;262,123;;;;;
std::unordered_set;String32;remove;131,072;262,123;;;;;
std::unordered_set;int;upsert;262,144;524,228;44,587.533;7,173.191;41,429.000;77,462.000;24,760
std::unordered_set;int;lookupFind;262,144;524,228;13,260.167;615.019;12,898.000;15,578.000;24,760
std::unordered_set;int;lookupFail;262,144;524,228;15,167.867;457.967;14,874.000;17,448.000;24,760
std::unordered_set;int;remove;262,144;524,228;29,418.400;1,392.746;28,388.000;34,941.000;24,760
std::unordered_set;String32;upsert;262,144;524,228;;;;;
std::unordered_set;String32;lookupFind;262,144;524,228;;;;;
std::unordered_set;String32;lookupFail;262,144;524,228;;;;;
std::unordered_set;String32;remove;262,144;524,228;;;;;
std::unordered_set;int;upsert;524,288;1,048,310;133,873.433;10,970.966;125,374.000;175,043.000;48,984
std::unordered_set;int;lookupFind;524,288;1,048,310;33,552.367;473.647;32,303.000;34,794.000;48,984
std::unordered_set;int;lookupFail;524,288;1,048,310;37,296.967;591.165;35,016.000;38,554.000;48,984
std::unordered_set;int;remove;524,288;1,048,310;91,894.167;1,013.121;90,743.000;93,919.000;48,984
std::unordered_set;String32;upsert;524,288;1,048,310;;;;;
std::unordered_set;String32;lookupFind;524,288;1,048,310;;;;;
std::unordered_set;String32;lookupFail;524,288;1,048,310;;;;;
std::unordered_set;String32;remove;524,288;1,048,310;;;;;
std::unordered_set;int;upsert;1,048,576;2,096,120;347,907.867;24,292.513;321,769.000;467,232.000;97,460
std::unordered_set;int;lookupFind;1,048,576;2,096,120;79,067.800;905.309;75,367.000;81,307.000;97,460
std::unordered_set;int;lookupFail;1,048,576;2,096,120;86,494.667;1,479.896;79,230.000;88,985.000;97,460
std::unordered_set;int;remove;1,048,576;2,096,120;244,974.833;1,300.941;242,560.000;248,079.000;97,460
std::unordered_set;String32;upsert;1,048,576;2,096,120;;;;;
std::unordered_set;String32;lookupFind;1,048,576;2,096,120;;;;;
std::unordered_set;String32;lookupFail;1,048,576;2,096,120;;;;;
std::unordered_set;String32;remove;1,048,576;2,096,120;;;;;
